<?xml version="1.0"?>
<metadata>
	<idinfo>
		<citation>
			<citeinfo>
				<title>Alaska Coastline 1:1 000 000</title>
				<geoform>vector digital data</geoform>
				<serinfo>
					<sername>General Base Map</sername>
					<issue>alaska</issue>
				</serinfo>
				<pubinfo>
					<pubplace>Anchorage, AK</pubplace>
					<publish>ADNR, LRIS</publish>
				</pubinfo>
				<ftname Sync="TRUE">BC_AK_WA_union_polygon</ftname><origin>Alaska Department of Natural Resources</origin><pubdate>1991</pubdate><onlink Sync="TRUE">\\svbcpbsfp01\whales$\Eva\Transient KW spatial analysis\DATA\GIS DATA\BASELAYERS\Land\BC_AK_WA_union_polygon.shp</onlink></citeinfo>
		</citation>
		<descript>
			<abstract>A large scale data set representing the Alaska Border and Coastline</abstract>
			<purpose>
For typical GIS purposes of a general coastline.  Do not use
for navigation.
</purpose>
			<langdata Sync="TRUE">en</langdata></descript>
		<timeperd>
			<timeinfo>
				<sngdate><caldate Sync="TRUE">The year (and optionally month, or month and day) for which the data set corresponds to the ground.  REQUIRED.</caldate></sngdate></timeinfo>
			<current>publication date</current>
		</timeperd>
		<status>
			<progress>Complete</progress>
			<update>None planned</update>
		</status>
		<spdom>
			<bounding>
				<westbc>157.54808939</westbc>
				<eastbc>-117.38114751</eastbc>
				<northbc>67.56800712</northbc>
				<southbc>49.12879913</southbc>
			</bounding>
			<lboundng><leftbc Sync="TRUE">-2368910.500000</leftbc><rightbc Sync="TRUE">750491.250000</rightbc><bottombc Sync="TRUE">1089479.380000</bottombc><topbc Sync="TRUE">3150638.000000</topbc></lboundng></spdom>
		<keywords>
			<theme>
				<themekt>none</themekt>
				<themekey>coast</themekey>
				<themekey>coastline</themekey>
				<themekey>alaska</themekey>
				<themekey>oceans</themekey><themekey>boundaries</themekey></theme>
			<place>
				<placekt>none</placekt>
				<placekey>Alaska</placekey>
				<placekey>AK</placekey></place>
		</keywords>
		<accconst>
To ensure distribution of the most current public information, please
refer requests for data or products to the Alaska Department of
Natural Resources, Land Records Information Section.
</accconst>
		<ptcontac>
			<cntinfo>
				<cntpos>GIS Public Access Coordinator</cntpos>
				<cntaddr>
					<address>550 W. 7th Suite 706</address>
					<city>Anchorage</city>
					<state>AK</state>
					<postal>99501</postal>
					<country>USA</country>
					<addrtype>mailing and physical address</addrtype></cntaddr>
				<cntvoice>(907) 269-8833</cntvoice>
				<cntfax>(907) 269-8920</cntfax>
				<cntemail>GIS_Public_Access@dnr.state.ak.us</cntemail>
				<cntorgp><cntorg>AK Department of Natural Resources - Land Records Information Section</cntorg><cntper>GIS Public Access Coordinator</cntper></cntorgp></cntinfo>
		</ptcontac>
		<native>
SunOS, 5.5.1, sun4m UNIX
ARC/INFO version 7.1.1
</native>
		<natvform Sync="TRUE">Shapefile</natvform><useconst>REQUIRED: Restrictions and legal prerequisites for using the data set after access is granted.</useconst></idinfo>
	<dataqual>
		<attracc>
			<attraccr>See Supplemental_Information: Revisions:</attraccr>
		</attracc>
		<logic>Polygon and chain-node topology present.</logic>
		<posacc>
			<horizpa>
				<horizpar>See Supplemental_Information: Revisions:</horizpar>
			</horizpa>
		</posacc>
		<lineage>
			<srcinfo>
				<srccite>
					<citeinfo>
						<origin>USGS</origin>
						<pubdate>1950-1980</pubdate>
						<title>QMQ hydrography</title>
						<serinfo>
							<sername>DLG</sername>
							<issue>hydrography</issue>
						</serinfo>
						<pubinfo>
							<pubplace>Reston, Virginia</pubplace>
							<publish>USGS</publish>
						</pubinfo>
					</citeinfo>
				</srccite>
				<srcscale>250000</srcscale>
				<typesrc>web</typesrc>
				<srctime>
					<timeinfo>
						<rngdates>
							<begdate>1950</begdate>
							<enddate>1980</enddate>
						</rngdates>
					</timeinfo>
					<srccurr>ground condition</srccurr>
				</srctime>
				<srccitea>none</srccitea>
				<srccontr>
Selected coastline information where needed
and where available.  Also used other sources.  See Abstract.
</srccontr>
			</srcinfo>
			<procstep>
				<procdesc>See Abstract and Supplemental_Information</procdesc>
				<procdate>1984</procdate>
			</procstep>
			<procstep><procdesc Sync="TRUE">Dataset copied.</procdesc><srcused Sync="TRUE"></srcused><date Sync="TRUE">20110304</date><time Sync="TRUE">13102800</time></procstep></lineage>
	</dataqual>
	<spdoinfo>
		<direct>Vector</direct>
		<ptvctinf>
			<sdtsterm Name="BC_AK_WA_union_polygon">
				<sdtstype>Point</sdtstype>
				<ptvctcnt>2698</ptvctcnt>
			</sdtsterm>
			<sdtsterm Name="label">
				<sdtstype>String</sdtstype>
				<ptvctcnt>8429</ptvctcnt>
			</sdtsterm>
			<sdtsterm Name="polygon">
				<sdtstype>GT-polygon composed of chains</sdtstype>
				<ptvctcnt>2699</ptvctcnt>
			</sdtsterm>
			<esriterm Name="BC_AK_WA_union_polygon"><efeatyp Sync="TRUE">Simple</efeatyp><efeageom Sync="TRUE">Polygon</efeageom><esritopo Sync="TRUE">FALSE</esritopo><efeacnt Sync="TRUE">0</efeacnt><spindex Sync="TRUE">FALSE</spindex><linrefer Sync="TRUE">FALSE</linrefer></esriterm><esriterm Name="label"><efeatyp Sync="TRUE">Simple</efeatyp><efeageom Sync="TRUE">Label</efeageom><esritopo Sync="TRUE">FALSE</esritopo><efeacnt Sync="TRUE">0</efeacnt><spindex Sync="TRUE">FALSE</spindex><linrefer Sync="TRUE">FALSE</linrefer></esriterm><esriterm Name="polygon"><efeatyp Sync="TRUE">Simple</efeatyp><efeageom Sync="TRUE">Polygon</efeageom><esritopo Sync="TRUE">TRUE</esritopo><efeacnt Sync="TRUE">805</efeacnt><spindex Sync="TRUE">FALSE</spindex><linrefer Sync="TRUE">FALSE</linrefer></esriterm><esriterm Name="tic"><efeatyp Sync="TRUE">Simple</efeatyp><efeageom Sync="TRUE">Tic</efeageom><esritopo Sync="TRUE">FALSE</esritopo><efeacnt Sync="TRUE">4</efeacnt><spindex Sync="TRUE">FALSE</spindex><linrefer Sync="TRUE">FALSE</linrefer></esriterm><sdtsterm Name="tic"><sdtstype Sync="TRUE">Point</sdtstype><ptvctcnt Sync="TRUE">4</ptvctcnt></sdtsterm><esriterm Name="region.polygon"><efeatyp Sync="TRUE">Simple</efeatyp><efeageom Sync="TRUE">Region</efeageom><esritopo Sync="TRUE">TRUE</esritopo><efeacnt Sync="TRUE">790</efeacnt><spindex Sync="TRUE">FALSE</spindex><linrefer Sync="TRUE">FALSE</linrefer></esriterm><sdtsterm Name="region.polygon"><sdtstype Sync="TRUE">Composite object</sdtstype><ptvctcnt Sync="TRUE">790</ptvctcnt></sdtsterm></ptvctinf>
	</spdoinfo>
	<spref>
		<horizsys>
			<planar>
				<planci>
					<plance>coordinate pair</plance>
					<coordrep>
						<absres>1.0</absres>
						<ordres>1.0</ordres>
					</coordrep>
					<plandu>METERS</plandu>
				</planci>
				<mapproj><mapprojn Sync="TRUE">Albers Conical Equal Area</mapprojn><albers><stdparll Sync="TRUE">50.000000</stdparll><stdparll Sync="TRUE">58.500000</stdparll><longcm Sync="TRUE">-126.000000</longcm><latprjo Sync="TRUE">45.000000</latprjo><feast Sync="TRUE">1000000.000000</feast><fnorth Sync="TRUE">0.000000</fnorth></albers></mapproj></planar>
			<geodetic>
				<horizdn>NAD83</horizdn>
				<ellips>GRS1980</ellips>
				<semiaxis>6378206.4</semiaxis>
				<denflat>294.98</denflat>
			</geodetic>
			<cordsysn><geogcsn Sync="TRUE">GCS_North_American_1983</geogcsn><projcsn Sync="TRUE">NAD_1983_BC_Environment_Albers</projcsn></cordsysn></horizsys>
		<vertdef><altsys><altenc Sync="TRUE">Explicit elevation coordinate included with horizontal coordinates</altenc><altres Sync="TRUE">1.000000</altres></altsys></vertdef></spref>
	<eainfo>
		<detailed Name="BC_AK_WA_union_polygon">
			<enttyp>
				<enttypl>ALASKA.AAT</enttypl>
				<enttypd>Arc attributes</enttypd>
				<enttypds>ARC/INFO</enttypds>
				<enttypt Sync="TRUE">Feature Class</enttypt><enttypc Sync="TRUE">0</enttypc></enttyp>
			<attr><attrlabl Sync="TRUE">AREA_</attrlabl><attalias Sync="TRUE">AREA_</attalias><attrtype Sync="TRUE">Double</attrtype><attwidth Sync="TRUE">8</attwidth><atprecis Sync="TRUE">38</atprecis><attscale Sync="TRUE">8</attscale></attr><attr><attrlabl Sync="TRUE">PERIMETER</attrlabl><attalias Sync="TRUE">PERIMETER</attalias><attrtype Sync="TRUE">Double</attrtype><attwidth Sync="TRUE">8</attwidth><atprecis Sync="TRUE">38</atprecis><attscale Sync="TRUE">8</attscale></attr><attr><attrlabl Sync="TRUE">FID_Alaska</attrlabl><attalias Sync="TRUE">FID_Alaska</attalias><attrtype Sync="TRUE">Number</attrtype><attwidth Sync="TRUE">9</attwidth></attr><attr><attrlabl Sync="TRUE">POLYGON_ID</attrlabl><attalias Sync="TRUE">POLYGON_ID</attalias><attrtype Sync="TRUE">Number</attrtype><attwidth Sync="TRUE">19</attwidth></attr><attr><attrlabl Sync="TRUE">FID</attrlabl><attalias Sync="TRUE">FID</attalias><attrtype Sync="TRUE">Number</attrtype><attwidth Sync="TRUE">19</attwidth><attrdef Sync="TRUE">Internal feature number.</attrdef><attrdefs Sync="TRUE">ESRI</attrdefs><attrdomv><udom Sync="TRUE">Sequential unique whole numbers that are automatically generated.</udom></attrdomv><atnumdec Sync="TRUE">8</atnumdec></attr><attr><attrlabl Sync="TRUE">POLYGON_</attrlabl><attalias Sync="TRUE">POLYGON_</attalias><attrtype Sync="TRUE">Number</attrtype><attwidth Sync="TRUE">10</attwidth></attr><attr><attrlabl Sync="TRUE">SHAPE</attrlabl><attalias Sync="TRUE">Shape</attalias><attrtype Sync="TRUE">Number</attrtype><attwidth Sync="TRUE">10</attwidth><attrdef Sync="TRUE">Feature geometry.</attrdef><attrdefs Sync="TRUE">ESRI</attrdefs><attrdomv><udom Sync="TRUE">Coordinates defining the features.</udom></attrdomv></attr><attr><attrlabl Sync="TRUE">Shape</attrlabl><attalias Sync="TRUE">Shape</attalias><attrtype Sync="TRUE">Float</attrtype><attwidth Sync="TRUE">19</attwidth><attrdef Sync="TRUE">Feature geometry.</attrdef><attrdefs Sync="TRUE">ESRI</attrdefs><attrdomv><udom Sync="TRUE">Coordinates defining the features.</udom></attrdomv><atnumdec Sync="TRUE">11</atnumdec></attr><attr><attrlabl Sync="TRUE">AREA</attrlabl><attalias Sync="TRUE">AREA</attalias><attrtype Sync="TRUE">Float</attrtype><attwidth Sync="TRUE">19</attwidth><atnumdec Sync="TRUE">11</atnumdec></attr><attr><attrlabl Sync="TRUE">FID_BC_pol</attrlabl><attalias Sync="TRUE">FID_BC_pol</attalias><attrtype Sync="TRUE">Number</attrtype><attwidth Sync="TRUE">9</attwidth></attr><attr><attrlabl Sync="TRUE">AREA_1</attrlabl><attalias Sync="TRUE">AREA_1</attalias><attrtype Sync="TRUE">Float</attrtype><attwidth Sync="TRUE">13</attwidth><atnumdec Sync="TRUE">11</atnumdec></attr><attr><attrlabl Sync="TRUE">PERIMETE_1</attrlabl><attalias Sync="TRUE">PERIMETE_1</attalias><attrtype Sync="TRUE">Float</attrtype><attwidth Sync="TRUE">13</attwidth><atnumdec Sync="TRUE">11</atnumdec></attr><attr><attrlabl Sync="TRUE">CHS_COASTL</attrlabl><attalias Sync="TRUE">CHS_COASTL</attalias><attrtype Sync="TRUE">Number</attrtype><attwidth Sync="TRUE">9</attwidth></attr><attr><attrlabl Sync="TRUE">CHS_COAS_1</attrlabl><attalias Sync="TRUE">CHS_COAS_1</attalias><attrtype Sync="TRUE">Number</attrtype><attwidth Sync="TRUE">9</attwidth></attr><attr><attrlabl Sync="TRUE">LEN</attrlabl><attalias Sync="TRUE">LEN</attalias><attrtype Sync="TRUE">Double</attrtype><attwidth Sync="TRUE">19</attwidth><atprecis Sync="TRUE">0</atprecis><attscale Sync="TRUE">0</attscale></attr></detailed>
		<overview>
			<eaover>Coded for cartographic purposes.</eaover>
			<eadetcit>none</eadetcit>
		</overview>
		<detailed Name="border.pat"><enttyp><enttypl Sync="TRUE">border.pat</enttypl><enttypt Sync="TRUE">Feature Class</enttypt><enttypc Sync="TRUE">805</enttypc></enttyp><attr><attrlabl Sync="TRUE">FID</attrlabl><attwidth Sync="TRUE">4</attwidth><atoutwid Sync="TRUE">5</atoutwid><attrtype Sync="TRUE">OID</attrtype><attalias Sync="TRUE">FID</attalias><atprecis Sync="TRUE">0</atprecis><attscale Sync="TRUE">0</attscale><attrdef Sync="TRUE">Internal feature number.</attrdef><attrdefs Sync="TRUE">ESRI</attrdefs><attrdomv><udom Sync="TRUE">Sequential unique whole numbers that are automatically generated.</udom></attrdomv></attr><attr><attrlabl Sync="TRUE">Shape</attrlabl><attwidth Sync="TRUE">0</attwidth><atoutwid Sync="TRUE">5</atoutwid><attrtype Sync="TRUE">Geometry</attrtype><attalias Sync="TRUE">Shape</attalias><atprecis Sync="TRUE">0</atprecis><attscale Sync="TRUE">0</attscale><attrdef Sync="TRUE">Feature geometry.</attrdef><attrdefs Sync="TRUE">ESRI</attrdefs><attrdomv><udom Sync="TRUE">Coordinates defining the features.</udom></attrdomv></attr><attr><attrlabl Sync="TRUE">AREA</attrlabl><attwidth Sync="TRUE">9</attwidth><atoutwid Sync="TRUE">12</atoutwid><attrtype Sync="TRUE">Number</attrtype><attrdef Sync="TRUE">Area of feature in internal units squared.</attrdef><attrdefs Sync="TRUE">ESRI</attrdefs><attrdomv><udom Sync="TRUE">Positive real numbers that are automatically generated.</udom></attrdomv></attr><attr><attrlabl Sync="TRUE">PERIMETER</attrlabl><attwidth Sync="TRUE">19</attwidth><atoutwid Sync="TRUE">12</atoutwid><attrtype Sync="TRUE">Number</attrtype><atnumdec Sync="TRUE">8</atnumdec><attrdef Sync="TRUE">Perimeter of feature in internal units.</attrdef><attrdefs Sync="TRUE">ESRI</attrdefs><attrdomv><udom Sync="TRUE">Positive real numbers that are automatically generated.</udom></attrdomv></attr><attr><attrlabl Sync="TRUE">BORDER#</attrlabl><attwidth Sync="TRUE">19</attwidth><atoutwid Sync="TRUE">5</atoutwid><attrtype Sync="TRUE">Number</attrtype><attrdef Sync="TRUE">Internal feature number.</attrdef><attrdefs Sync="TRUE">ESRI</attrdefs><attrdomv><udom Sync="TRUE">Sequential unique whole numbers that are automatically generated.</udom></attrdomv><atnumdec Sync="TRUE">8</atnumdec></attr><attr><attrlabl Sync="TRUE">BORDER-ID</attrlabl><attwidth Sync="TRUE">10</attwidth><atoutwid Sync="TRUE">5</atoutwid><attrtype Sync="TRUE">Number</attrtype><attrdef Sync="TRUE">User-defined feature number.</attrdef><attrdefs Sync="TRUE">ESRI</attrdefs></attr><attr/><attr><atnumdec Sync="TRUE">11</atnumdec></attr><attr><atnumdec/></attr><attr><atnumdec/></attr></detailed><detailed Name="border.patpolygon"><enttyp><enttypl Sync="TRUE">border.patpolygon</enttypl><enttypt Sync="TRUE">Feature Class</enttypt><enttypc Sync="TRUE">790</enttypc></enttyp><attr><attrlabl Sync="TRUE">FID</attrlabl><attwidth Sync="TRUE">4</attwidth><atoutwid Sync="TRUE">5</atoutwid><attrtype Sync="TRUE">OID</attrtype><attalias Sync="TRUE">FID</attalias><atprecis Sync="TRUE">0</atprecis><attscale Sync="TRUE">0</attscale><attrdef Sync="TRUE">Internal feature number.</attrdef><attrdefs Sync="TRUE">ESRI</attrdefs><attrdomv><udom Sync="TRUE">Sequential unique whole numbers that are automatically generated.</udom></attrdomv></attr><attr><attrlabl Sync="TRUE">Shape</attrlabl><attwidth Sync="TRUE">0</attwidth><atoutwid Sync="TRUE">5</atoutwid><attrtype Sync="TRUE">Geometry</attrtype><attalias Sync="TRUE">Shape</attalias><atprecis Sync="TRUE">0</atprecis><attscale Sync="TRUE">0</attscale><attrdef Sync="TRUE">Feature geometry.</attrdef><attrdefs Sync="TRUE">ESRI</attrdefs><attrdomv><udom Sync="TRUE">Coordinates defining the features.</udom></attrdomv></attr><attr><attrlabl Sync="TRUE">AREA</attrlabl><attwidth Sync="TRUE">9</attwidth><atoutwid Sync="TRUE">5</atoutwid><attrtype Sync="TRUE">Number</attrtype><attrdef Sync="TRUE">Area of feature in internal units squared.</attrdef><attrdefs Sync="TRUE">ESRI</attrdefs><attrdomv><udom Sync="TRUE">Positive real numbers that are automatically generated.</udom></attrdomv></attr><attr><attrlabl Sync="TRUE">PERIMETER</attrlabl><attwidth Sync="TRUE">19</attwidth><atoutwid Sync="TRUE">5</atoutwid><attrtype Sync="TRUE">Number</attrtype><attrdef Sync="TRUE">Perimeter of feature in internal units.</attrdef><attrdefs Sync="TRUE">ESRI</attrdefs><attrdomv><udom Sync="TRUE">Positive real numbers that are automatically generated.</udom></attrdomv></attr><attr><attrlabl Sync="TRUE">POLYGON#</attrlabl><attwidth Sync="TRUE">19</attwidth><atoutwid Sync="TRUE">5</atoutwid><attrtype Sync="TRUE">Number</attrtype><attrdef Sync="TRUE">Internal feature number.</attrdef><attrdefs Sync="TRUE">ESRI</attrdefs><attrdomv><udom Sync="TRUE">Sequential unique whole numbers that are automatically generated.</udom></attrdomv><atnumdec Sync="TRUE">8</atnumdec></attr><attr><attrlabl Sync="TRUE">POLYGON-ID</attrlabl><attwidth Sync="TRUE">10</attwidth><atoutwid Sync="TRUE">5</atoutwid><attrtype Sync="TRUE">Number</attrtype><attrdef Sync="TRUE">User-defined feature number.</attrdef><attrdefs Sync="TRUE">ESRI</attrdefs></attr><attr/><attr><atnumdec Sync="TRUE">11</atnumdec></attr><attr><atnumdec/></attr><attr><atnumdec/></attr></detailed></eainfo>
	<distinfo>
		<distrib>
			<cntinfo>
				<cntorgp>
					<cntorg>AK Department of Natural Resources - Land Records Information Section</cntorg>
				</cntorgp>
				<cntpos>GIS Public Access Coordinator</cntpos>
				<cntaddr>
					<addrtype>mailing and physical address</addrtype>
					<address>550 W. 7th Suite 706</address>
					<city>Anchorage</city>
					<state>AK</state>
					<postal>99501</postal>
					<country>USA</country>
				</cntaddr>
				<cntvoice>907/269-8833</cntvoice>
				<cntfax>907/269-8920</cntfax>
				<cntemail>GIS_Public_Access@dnr.state.ak.us</cntemail>
				<hours>800-1600 AST</hours>
				<cntinst>
Fax completed "Request for DNR GIS Data" form.
Form can be found at &lt;URL:http://www.asgdc.state.ak.us/homehtml/orderform.html&gt;
May be downloaded from &lt;URL:ftp://www.dnr.state.ak.us/asgdc/adnr/alaska.e00.gz&gt;
Note:  May take a while to download.
</cntinst>
			</cntinfo>
		</distrib>
		<distliab>
The State of Alaska makes no express or implied warranties (including
warranties of merchantability and fitness) with respect to the character,
function, or capabilities of the electronic services or products or their
appropriateness for any users purposes.  In no event will the State of
Alaska be liable for any incidental, indirect, special, consequential or
other damages suffered by the user or any other person or entity whether
from the use of the electronic services or products, any failure thereof
or otherwise, and in no event will the State of Alaska s liability to the
requestor or anyone else exceed the fee paid for the electronic service
or product.
</distliab>
		<stdorder>
			<digform>
				<digtinfo>
					<formname>ARC</formname>
					<formvern>7.1.1</formvern>
					<transize>6 for download, 40 for all data on CD</transize>
					<filedec Sync="TRUE">No compression applied</filedec><dssize Sync="TRUE">0.000</dssize></digtinfo>
				<digtopt>
					<onlinopt>
						<computer>
							<networka>
								<networkr>&lt;URL:http://www.asgdc.state.ak.us/data/adnr/physical/coast/alaska.e00.gz&gt;</networkr>
							</networka>
						</computer>
						<accinstr Sync="TRUE">Local area network</accinstr></onlinopt>
				</digtopt>
			</digform>
			<fees>None if downloading, $75 for CD which includes other data.</fees>
			<ordering>
Downloadable file is Arc/Info export file compressed using gzip.
General Base Map CD at &lt;URL:http://www.asgdc.state.ak.us/homehtml/pubaccess.html&gt;
</ordering>
		</stdorder>
		<resdesc>Downloadable Data</resdesc></distinfo>
	<metainfo>
		<metd>20010213</metd>
		<metc>
			<cntinfo>
				<cntorgp>
					<cntorg>Fisheries and Oceans Canada - Pacific Region - Habitat and Enhancement</cntorg>
					<cntper>Kevin Buddell</cntper>
				</cntorgp>
				<cntpos>GIS Analyst</cntpos>
				<cntaddr>
					<address>360-555 West Hastings St</address>
					<city>Vancouver</city>
					<state>BC</state>
					<postal>V6B 5G3</postal>
					<country>Canada</country>
					<addrtype Sync="TRUE">The mailing and/or physical address for the organization or individual.  REQUIRED.</addrtype></cntaddr>
				<cntvoice>604.666.7950</cntvoice>
				<cntfax>604.666.0417</cntfax>
				<cntemail>buddellk@pac.dfo-mpo.gc.ca</cntemail>
			</cntinfo>
		</metc>
		<metstdn>FGDC Content Standards for Digital Geospatial Metadata</metstdn>
		<metstdv>FGDC-STD-001-1998</metstdv>
		<mettc>Local Time</mettc>
		<metac>none</metac>
		<metuc>
If the user has modified the data in any
way they are obligated to describe the types of modifications they
have performed in the supporting metadata file.  User specifically
agrees not to imply that changes they made were approved by the
Alaska Department of Natural Resources.
</metuc>
		<langmeta Sync="TRUE">en</langmeta><metextns><onlink Sync="TRUE">http://www.esri.com/metadata/esriprof80.html</onlink><metprof Sync="TRUE">ESRI Metadata Profile</metprof></metextns></metainfo>
	<Esri><CreaDate>20110304</CreaDate><CreaTime>13102800</CreaTime><SyncDate>20110526</SyncDate><SyncTime>12515000</SyncTime><ModDate>20110526</ModDate><ModTime>12515000</ModTime><SyncOnce>FALSE</SyncOnce><PublishStatus>Published</PublishStatus><DataProperties><lineage><Process ToolSource="C:\Program Files\ArcGIS\ArcToolbox\Toolboxes\Data Management Tools.tbx\CopyFeatures" Date="20070104" Time="103847">CopyFeatures F:\HEBGIS\Basemaps\Alaska\BC_Albers\1mil\border\region.polygon "Database Connections\PACORAINET_BOUNDARIES.sde\SDE_BOUNDARIES.NORTH_AMERICA\SDE_BOUNDARIES.border_region_polygon" BOUNDARIES 0 0 0</Process><Process Name="FeatureClassToFeatureClass_1" ToolSource="E:\Program Files\ARCGIS\ArcToolbox\Toolboxes\Conversion Tools.tbx\FeatureClassToFeatureClass" Date="20090218" Time="125317">FeatureClassToFeatureClass "Database Connections\viewer(prod).sde\SDE_BOUNDARIES.NORTH_AMERICA\SDE_BOUNDARIES.ALASKA_STATE_BOUNDARY_1MIL" W:\GIS\Basemaps\SDE_Boundaries.alaska SDE_BOUNDARIES.shp # "AREA_ AREA_ true true false 8 Double 8 38 ,First,#,Database Connections\viewer(prod).sde\SDE_BOUNDARIES.NORTH_AMERICA\SDE_BOUNDARIES.ALASKA_STATE_BOUNDARY_1MIL,AREA_,-1,-1;PERIMETER PERIMETER true true false 8 Double 8 38 ,First,#,Database Connections\viewer(prod).sde\SDE_BOUNDARIES.NORTH_AMERICA\SDE_BOUNDARIES.ALASKA_STATE_BOUNDARY_1MIL,PERIMETER,-1,-1;POLYGON_ POLYGON_ true true false 4 Long 0 10 ,First,#,Database Connections\viewer(prod).sde\SDE_BOUNDARIES.NORTH_AMERICA\SDE_BOUNDARIES.ALASKA_STATE_BOUNDARY_1MIL,POLYGON_,-1,-1;POLYGON_ID POLYGON_ID true true false 4 Long 0 10 ,First,#,Database Connections\viewer(prod).sde\SDE_BOUNDARIES.NORTH_AMERICA\SDE_BOUNDARIES.ALASKA_STATE_BOUNDARY_1MIL,POLYGON_ID,-1,-1;AREA AREA false false true 0 Double 0 0 ,First,#,Database Connections\viewer(prod).sde\SDE_BOUNDARIES.NORTH_AMERICA\SDE_BOUNDARIES.ALASKA_STATE_BOUNDARY_1MIL,SHAPE.AREA,-1,-1;LEN LEN false false true 0 Double 0 0 ,First,#,Database Connections\viewer(prod).sde\SDE_BOUNDARIES.NORTH_AMERICA\SDE_BOUNDARIES.ALASKA_STATE_BOUNDARY_1MIL,SHAPE.LEN,-1,-1" # W:\GIS\Basemaps\SDE_Boundaries.alaska\SDE_BOUNDARIES.shp</Process><Process Name="Union_1" ToolSource="C:\Program Files\ArcGIS\ArcToolbox\Toolboxes\Analysis Tools.tbx\Union" Date="20110526" Time="125402">Union "Alaska_polygon #;BC_polygon #" "W:\Eva\Transient KW spatial analysis\DATA\GIS DATA\BASELAYERS\Land\BC_AK_WA_union_polygon.shp" ALL # NO_GAPS</Process></lineage></DataProperties><MetaID>{13EBAA60-0080-4B50-87DA-F56B3D950C01}</MetaID></Esri><dataIdInfo><envirDesc Sync="TRUE">Microsoft Windows XP Version 5.1 (Build 2600) Service Pack 3; ESRI ArcCatalog 9.2.2.1350</envirDesc><dataLang><languageCode Sync="TRUE" value="en"></languageCode></dataLang><idCitation><resTitle Sync="TRUE">BC_AK_WA_union_polygon</resTitle><presForm><PresFormCd Sync="TRUE" value="005"></PresFormCd></presForm></idCitation><spatRpType><SpatRepTypCd Sync="TRUE" value="001"></SpatRepTypCd></spatRpType><dataExt><geoEle><GeoBndBox esriExtentType="native"><westBL Sync="TRUE">-2368910.5</westBL><eastBL Sync="TRUE">750491.25</eastBL><northBL Sync="TRUE">3150638</northBL><southBL Sync="TRUE">1089479.38</southBL><exTypeCode Sync="TRUE">1</exTypeCode></GeoBndBox></geoEle></dataExt><geoBox esriExtentType="decdegrees"><westBL Sync="TRUE">-180</westBL><eastBL Sync="TRUE">180</eastBL><northBL Sync="TRUE">73.723906</northBL><southBL Sync="TRUE">44.782286</southBL><exTypeCode Sync="TRUE">1</exTypeCode></geoBox></dataIdInfo><mdLang><languageCode Sync="TRUE" value="en"></languageCode></mdLang><mdStanName Sync="TRUE">ISO 19115 Geographic Information - Metadata</mdStanName><mdStanVer Sync="TRUE">DIS_ESRI1.0</mdStanVer><mdChar><CharSetCd Sync="TRUE" value="004"></CharSetCd></mdChar><mdHrLv><ScopeCd Sync="TRUE" value="005"></ScopeCd></mdHrLv><mdHrLvName Sync="TRUE">dataset</mdHrLvName><distInfo><distributor><distorTran><onLineSrc><orDesc Sync="TRUE">002</orDesc><linkage Sync="TRUE">file://\\svbcpbsfp01\whales$\Eva\Transient KW spatial analysis\DATA\GIS DATA\BASELAYERS\Land\BC_AK_WA_union_polygon.shp</linkage><protocol Sync="TRUE">Local Area Network</protocol></onLineSrc><transSize Sync="TRUE">0.000</transSize></distorTran><distorFormat><formatName Sync="TRUE">Shapefile</formatName></distorFormat></distributor></distInfo><refSysInfo><RefSystem><refSysID><identCode Sync="TRUE">NAD_1983_BC_Environment_Albers</identCode></refSysID></RefSystem></refSysInfo><spatRepInfo><VectSpatRep><topLvl><TopoLevCd Sync="TRUE" value="001"></TopoLevCd></topLvl><geometObjs Name="BC_AK_WA_union_polygon"><geoObjTyp><GeoObjTypCd Sync="TRUE" value="001"></GeoObjTypCd></geoObjTyp><geoObjCnt Sync="TRUE">0</geoObjCnt></geometObjs></VectSpatRep></spatRepInfo><mdDateSt Sync="TRUE">20110526</mdDateSt><mdFileID Sync="TRUE">{2CC66284-AA7A-4495-BE04-0DCDC563B400}</mdFileID></metadata>
